strata,individual,population
Baalbek-El Hermel and Bekaa_MIG,27273,7177
BML_MIG,26855,7067
North and Akkar_MIG,26368,6939
South and Nabatieh_MIG,83915,22083
Akkar_LEB,304385,80101
Aley_LEB,211909,55765
Baabda_LEB,411603,108317
Baalbek_LEB,196587,51733
Bcharre_LEB,21553,5672
Beirut_LEB,199025,52375
Chouf_LEB,206243,54274
El Hermel_LEB,28881,7600
El Batroun_LEB,54655,14383
El Koura_LEB,69907,18397
El Meten_LEB,408336,107457
El Minieh-Dennie_LEB,126236,33220
Hasbaya_LEB,26149,6881
Jbeil_LEB,113261,29806
Jezzine_LEB,27060,7121
Kesrwane_LEB,225832,59430
Marjaayoun_LEB,65573,17256
Rachaya_LEB,32803,8632
Saida_LEB,212348,55881
Sour_LEB,203841,53642
Tripoli_LEB,199334,52456
West Bekaa_LEB,70136,18457
Zahle_LEB,140371,36940
Zgharta_LEB,73035,19220
Baalbek-El Hermel and Bekaa_PRL,1872,7113
BML_PRL,9700,36861
North and Akkar_PRL,11873,45118
South and Nabatieh_PRL,23924,90910
