﻿Sector,Sub-group of question,research.question,sub.research.question,dependent.variable,dependent.variable.type,independent.variable,independent.variable.type,repeat.for.variable,hypothesis.type
Shelter,Superficy,Number of people by sleeping areas,,num_people_per_room,numerical,all,categorical,all,direct_reporting
Shelter,Shelter condition,"% of HH reporting living in collapsed, partially collapsed  shelter or shelter with damaged structures",,shelter_structure_issues,categorical,all,categorical,all,direct_reporting
Shelter,Shelter condition,% of HH reporting WASH related issues in their shelter,,shelter_wash_issues,categorical,all,categorical,all,direct_reporting
Shelter,Nature of shelter,% of HH reporting to live in non sustainable shelter,,critical_shelter,categorical,all,categorical,all,direct_reporting
Shelter,Nature of shelter,% of HH reporting living in non sustainable shelter with a physically disable member within the HH,,critical_shelter_with_disabled,categorical,all,categorical,all,direct_reporting
HLP,Nature of occupation,% of HH reporting living in rented shelter with difficulties to meet essentiel shelter needs in the pas three months,,hlp_difficulty_rented,categorical,all,categorical,all,direct_reporting
HLP,HLP issues,% of HHs reporting HLP issues by type of tenure arrangement,Rental agreement (after 1992),hlp_issues_rented_before_1992,categorical,all,categorical,all,direct_reporting
HLP,HLP issues,% of HHs reporting HLP issues by type of tenure arrangement,Rental agreement (before 1992),hlp_issues_rent_agreement_after_92,categorical,all,categorical,all,direct_reporting
HLP,HLP issues,% of HHs reporting HLP issues by type of tenure arrangement,Informal verbal lease agreement,hlp_issues_informal_verbal,categorical,all,categorical,all,direct_reporting
HLP,HLP issues,% of HHs reporting HLP issues by type of tenure arrangement,Provided by employer/hosted by provider in exchange of work,hlp_issues_employer_provided,categorical,all,categorical,all,direct_reporting
HLP,HLP issues,% of HHs reporting HLP issues by type of tenure arrangement,Hosted (for free),hlp_issues_hosted_free,categorical,all,categorical,all,direct_reporting
HLP,HLP issues,% of HHs reporting HLP issues by type of tenure arrangement,Assistance/Charity,hlp_issues_assistance,categorical,all,categorical,all,direct_reporting
HLP,HLP issues,% of HHs reporting HLP issues by type of tenure arrangement,"Squatting, without host’s permission",hlp_issues_squatting_no_permission,categorical,all,categorical,all,direct_reporting
HLP,HLP issues,% of HHs reporting HLP issues by type of tenure arrangement,Rent freeze/rent reduction arrangement. ,hlp_issues_rent_freeze_reduction,categorical,all,categorical,all,direct_reporting
Education,Acess to school,% of HHs reporting at least one children dropped out of school because of protection related issue,,education_dropped_protection_concerns,categorical,all,categorical,all,direct_reporting
Education,Cost and access,% of HHs reporting difficulties to meet with education needs by expenditure profile,Food Expenses,education_difficulty_food_expenses,categorical,all,categorical,all,direct_reporting
Education,Cost and access,% of HHs reporting difficulties to meet with education needs by expenditure profile,Rent Expenses,education_difficulty_rent_expenses,categorical,all,categorical,all,direct_reporting
Education,Cost and access,% of HHs reporting difficulties to meet with education needs by expenditure profile,Healthcare Expenses,education_difficulty_health_expenses,categorical,all,categorical,all,direct_reporting
Education,Cost and access,% of HHs reporting difficulties to meet with education needs by expenditure profile,Water Expenses,education_difficulty_water_expenses,categorical,all,categorical,all,direct_reporting
Health,Acess to health,% of HHS reporting cost-related difficulties preventing to access health,,health_barrier_cost_related,categorical,all,categorical,all,direct_reporting
Health,Access to health,% of HHS reporting protection-related difficulties preventing to access health,,health_barrier_protection_issues,categorical,all,categorical,all,direct_reporting
Health,Access to health,% of HHS reporting cost-related difficulties preventing to access medicine,,health_medicine_barrier_cost_related,categorical,all,categorical,all,direct_reporting
Health,Access to health,% of HHS reporting protection-related difficulties preventing to access vaccine,,health_vaccine_barrier_protection_issues,categorical,all,categorical,all,direct_reporting
WASH,Quality of sanitation facility,% of HHs reporting adequate sanitation facility,,wash_adequate_sanitation,categorical,all,categorical,all,direct_reporting
WASH,Access to water,% of HHs reporting severe coping strategies to acces water,,wash_severe_coping_strategies,categorical,all,categorical,all,direct_reporting
WASH,Access to water,% of HHs reporting access to sufficient water of good quality,,wash_sufficient_improved_water,categorical,all,categorical,all,direct_reporting
WASH,Hygiene,% of HHs engaging in the following coping mechanisms for hygiene items,Rely on less preferred types of NFI,hygiene_coping.rely_less_preferred,categorical,all,categorical,all,direct_reporting
WASH,Hygiene,% of HHs engaging in the following coping mechanisms for hygiene items,"Rely on substitutes (sand or other rubbing agents for soap, clothing for diapers, etc.)",hygiene_coping.rely_substitutes,categorical,all,categorical,all,direct_reporting
WASH,Hygiene,% of HHs engaging in the following coping mechanisms for hygiene items,Buying NFI at a market place further than the usual one,hygiene_coping.buy_nfi_diff_place,categorical,all,categorical,all,direct_reporting
WASH,Hygiene,% of HHs engaging in the following coping mechanisms for hygiene items,Buying NFI at a market place in a dangerous place,hygiene_coping.buy_nfi_dangerous_place,categorical,all,categorical,all,direct_reporting
WASH,Hygiene,% of HHs engaging in the following coping mechanisms for hygiene items,Borrow NFI from a friend or relative,hygiene_coping.borrow_nfi,categorical,all,categorical,all,direct_reporting
WASH,Hygiene,% of HHs engaging in the following coping mechanisms for hygiene items,Spend money (or credit) on NFI that should otherwise be used for other purposes,hygiene_coping.spend_other_money,categorical,all,categorical,all,direct_reporting
Protection,Documentation,"% of HHs reporting lacking work permit for the principal wage earner, without all members of the family with a valid ID",,protection_lack_work_permit,categorical,all,categorical,all,direct_reporting
Nutrition,Access to food,% of HH reporting hunger due to lack of food,,hunger_category,categorical,all,categorical,all,direct_reporting
Nutrition,Access to food,% of HH per category of food consumption score,,fcs_category,categorical,all,categorical,all,direct_reporting
