﻿Sector ,sub.research.question,research.question,dependent.variable,repeat.for.variable,independent.variable,independent.variable.type,dependent.variable.type,hypothesis.type,repeat.for.variable
Protection,,"% of HHs reporting security concerns in their community among boys, girls and women, related to exploitation and abuse",hh11,"Lebanese
PRL (TBC)
Migrants (TBC)",all,categorical,categorical,direct_reporting,all
Migration,HLP,% of HHs reporting they would prefer receiving information regarding assistance to return in country of origin,hh12,"Lebanese
PRL (TBC)
Migrants (TBC)",all,categorical,categorical,direct_reporting,all
