﻿Sector ,sub.research.question,research.question,dependent.variable,repeat.for.variable,independent.variable,independent.variable.type,dependent.variable.type,hypothesis.type,repeat.for.variable
Shelter,,"% of HHs whose dwelling enclosure provides adequate safety to the occupants, protection from exposure, and low risk of failure in predictable hazards",hh1,"Lebanese
PRL (TBC)
Migrants (TBC)",all,categorical,categorical,direct_reporting,all
Shelter / Protection,HLP,% of HHs reporting to access their housing / shelter with security tenure,hh2,"Lebanese
PRL (TBC)
Migrants (TBC)",all,categorical,categorical,direct_reporting,all
WASH,Access to water,"% of HHs reporting having access to sufficient quantity of water to cover transversal needs (drinking, cooking, personal hygiene, domestic use)",hh3,"Lebanese
PRL (TBC)
Migrants (TBC)",all,categorical,categorical,direct_reporting,all
WASH,Sanitation,% of HHs reporting access to an improve sanitation facility,hh4,"Lebanese
PRL (TBC)
Migrants (TBC)",all,categorical,categorical,direct_reporting,all
WASH / Health,Hygiene,% of HHs reporting access to soap,hh5,"Lebanese
PRL (TBC)
Migrants (TBC)",all,categorical,categorical,direct_reporting,all
WASH / Health,Hygiene,% of HHs reporting decreased usage of Hygiene Items in the last 30 days,hh6,"Lebanese
PRL (TBC)
Migrants (TBC)",all,categorical,categorical,direct_reporting,all
Protection,Washington group,% of the population identified as having disabilities ,hh7,"Lebanese
PRL (TBC)
Migrants (TBC)",all,categorical,categorical,direct_reporting,all
Protection,GBV,% of households in which women and girls avoid areas because they feel unsafe there,hh8,"Lebanese
PRL (TBC)
Migrants (TBC)",all,categorical,categorical,direct_reporting,all
Protection,Documentation,% HH missing at least one individual document ,hh9,"Lebanese
PRL (TBC)
Migrants (TBC)",all,categorical,categorical,direct_reporting,all
AAP,Access to assistance,% of HHs reporting issues when accessing assistance in the past 3 months,hh10,Lebanese,all,categorical,categorical,direct_reporting,all
